Film,Genre,Actors,Director,Year,Description,Cost,Stock
Zack and Miri Make a Porno,Romance,"Seth Rogen, Elizabeth Banks, Craig Robinson",Kevin Smith,2008,Zack and Miri have fun,5.0,1
Youth in Revolt,Comedy,,,2010,Young People,5.0,5
You Will Meet a Tall Dark Stranger,Comedy,,,2010,Some tall dark stranger appears,5.0,99
When in Rome,Comedy,,,2010,Do as the romans do,5.0,98
What Happens in Vegas,Comedy,,,2008,Stays in vegas,5.0,103
Water For Elephants,Drama,,,2011,Elephants like water too,5.0,99
WALL-E,Animation,,,2008,lorem ipsum1,5.0,97
Waitress,Romance,,,2007,lorem ipsum2,5.0,99
Waiting For Forever,Romance,,,2011,lorem ipsum3,5.0,97
Valentine's Day,Comedy,,,2010,lorem ipsum4,5.0,100
Tyler Perry's Why Did I get Married,Romance,,,2007,lorem ipsum5,5.0,100
Twilight: Breaking Dawn,Romance,,,2011,lorem ipsum6,5.0,99
Twilight,Romance,,,2008,lorem ipsum7,5.0,100
The Ugly Truth,Comedy,,,2009,lorem ipsum8,5.0,100
The Twilight Saga: New Moon,Drama,,,2009,lorem ipsum9,5.0,100
The Time Traveler's Wife,Drama,,,2009,lorem ipsum10,5.0,100
The Proposal,Comedy,,,2009,lorem ipsum11,5.0,100
The Invention of Lying,Comedy,,,2009,lorem ipsum12,5.0,100
The Heartbreak Kid,Comedy,,,2007,lorem ipsum13,5.0,100
The Duchess,Drama,,,2008,lorem ipsum14,5.0,100
The Curious Case of Benjamin Button,Fantasy,,,2008,lorem ipsum15,5.0,100
The Back-up Plan,Comedy,,,2010,lorem ipsum16,5.0,100
Tangled,Animation,,,2010,lorem ipsum17,5.0,100
Something Borrowed,Romance,,,2011,lorem ipsum18,5.0,100
She's Out of My League,Comedy,,,2010,lorem ipsum19,5.0,100
Sex and the City Two,Comedy,,,2010,lorem ipsum20,5.0,100
Sex and the City 2,Comedy,,,2010,lorem ipsum21,5.0,100
Sex and the City,Comedy,,,2008,lorem ipsum22,5.0,100
Remember Me,Drama,,,2010,lorem ipsum23,5.0,100
Rachel Getting Married,Drama,,,2008,lorem ipsum24,5.0,100
Penelope,Comedy,,,2008,lorem ipsum25,5.0,100
P.S. I Love You,Romance,,,2007,lorem ipsum26,5.0,100
Over Her Dead Body,Comedy,,,2008,lorem ipsum27,5.0,100
Our Family Wedding,Comedy,,,2010,lorem ipsum28,5.0,100
One Day,Romance,,,2011,lorem ipsum29,5.0,100
Not Easily Broken,Drama,,,2009,lorem ipsum30,5.0,100
No Reservations,Comedy,,,2007,lorem ipsum31,5.0,100
Nick and Norah's Infinite Playlist,Comedy,,,2008,lorem ipsum32,5.0,100
New Year's Eve,Romance,,,2011,lorem ipsum33,5.0,100
My Week with Marilyn,Drama,,,2011,lorem ipsum34,5.0,100
Music and Lyrics,Romance,,,2007,lorem ipsum35,5.0,100
Monte Carlo,Romance,,,2011,lorem ipsum36,5.0,100
Miss Pettigrew Lives for a Day,Comedy,,,2008,lorem ipsum37,5.0,100
Midnight in Paris,Romence,,,2011,lorem ipsum38,5.0,100
Marley and Me,Comedy,,,2008,lorem ipsum39,5.0,100
Mamma Mia!,Comedy,,,2008,lorem ipsum40,5.0,100
Mamma Mia!,Comedy,,,2008,lorem ipsum41,5.0,100
Made of Honor,Comdy,,,2008,lorem ipsum42,5.0,100
Love Happens,Drama,,,2009,lorem ipsum43,5.0,100
Love & Other Drugs,Comedy,,,2010,lorem ipsum44,5.0,100
Life as We Know It,Comedy,,,2010,lorem ipsum45,5.0,100
License to Wed,Comedy,,,2007,lorem ipsum46,5.0,100
Letters to Juliet,Comedy,,,2010,lorem ipsum47,5.0,100
Leap Year,Comedy,,,2010,lorem ipsum48,5.0,100
Knocked Up,Comedy,,,2007,lorem ipsum49,5.0,100
Killers,Action,,,2010,lorem ipsum50,5.0,100
Just Wright,Comedy,,,2010,lorem ipsum51,5.0,100
Jane Eyre,Romance,,,2011,lorem ipsum52,5.0,100
It's Complicated,Comedy,,,2009,lorem ipsum53,5.0,100
I Love You Phillip Morris,Comedy,,,2010,lorem ipsum54,5.0,100
High School Musical 3: Senior Year,Comedy,,,2008,lorem ipsum55,5.0,100
He's Just Not That Into You,Comedy,,,2009,lorem ipsum56,5.0,100
Good Luck Chuck,Comedy,,,2007,lorem ipsum57,5.0,100
Going the Distance,Comedy,,,2010,lorem ipsum58,5.0,100
Gnomeo and Juliet,Animation,,,2011,lorem ipsum59,5.0,100
Gnomeo and Juliet,Animation,,,2011,lorem ipsum60,5.0,100
Ghosts of Girlfriends Past,Comedy,,,2009,lorem ipsum61,5.0,100
Four Christmases,Comedy,,,2008,lorem ipsum62,5.0,100
Fireproof,Drama,,,2008,lorem ipsum63,5.0,100
Enchanted,Comedy,,,2007,lorem ipsum64,5.0,100
Dear John,Drama,,,2010,lorem ipsum65,5.0,100
Beginners,Comedy,,,2011,lorem ipsum66,5.0,100
Across the Universe,romance,,,2007,lorem ipsum67,5.0,100
A Serious Man,Drama,,,2009,lorem ipsum68,5.0,100
A Dangerous Method,Drama,,,2011,lorem ipsum69,5.0,100
27 Dresses,Comedy,,,2008,lorem ipsum70,5.0,100
(500) Days of Summer,comedy,,,2009,lorem ipsum71,5.0,100
